factor,available_groups,bottom_return,top_return,top_bottom_spread,monotonic_score
factor_momentum,10,0.0032347800665013244,0.001252822468559866,-0.0019819575979414584,0.5555555555555556
factor_volatility,10,0.003655445582710868,0.0033609570572272675,-0.0002944885254836005,0.5555555555555556
factor_roe,0,,,,
factor_size,10,-0.002994557654867846,-3.992194236021708e-05,0.0029546357125076286,0.5555555555555556
factor_turnover,10,-0.0026161878321014787,0.0013588698084548937,0.003975057640556372,0.5555555555555556
factor_reversal_5d,10,0.004327967158096411,0.002329918691282176,-0.0019980484668142354,0.5555555555555556
