alpha_daily,alpha_annual,beta,r_squared,tracking_error,information_ratio
0.00024042293992003843,0.062451845412915485,0.059679226316864384,0.0034901073080098044,0.26363316097303163,0.338198246179712
