rebalance_days,10,20,30
5,0.03721573262309863,0.029277826567708054,0.04058631516834654
20,0.06341888493997949,0.04080889938376653,0.03855132251998339
60,0.04732833472622899,0.020583506695963205,0.0632400389591048
