rebalance_days,10,20,30
5,0.19715497197004422,0.15175682393607318,0.20757838277734686
20,0.3275779204425705,0.2112792383260034,0.19826965845075747
60,0.2321827251646901,0.10469797260573951,0.3198788969946931
