rebalance_days,10,20,30
5,0.14989790269073103,0.10062524817171827,0.14853801940550693
20,0.2491307180920119,0.13463956508680755,0.13963642284404626
60,0.17641839166766946,0.07698113436487752,0.25061694246354144
