benchmark,annual_return,annual_volatility,sharpe,max_drawdown,calmar,win_rate,excess_return,information_ratio
strategy,0.04080889938376653,0.1931514885565731,0.2112792383260034,-0.3030973797149106,0.13463956508680755,0.5092783505154639,,
sample_equal_weight,0.014751314341899358,0.20152626509426697,0.07319797414495428,-0.32201348973042654,0.045809616094805265,0.49638802889576883,0.026100548241441812,0.3880035479942433
hs300,-0.048351373292126465,0.1912028076500286,-0.2528800381458166,-0.432220808203703,-0.11186729647069366,0.49587628865979383,0.089160272675893,0.338198246179712
