year,strategy_return,benchmark_return,hs300_return,excess_return,max_drawdown,sharpe
2020,0.2436687134743296,0.25802585830505365,0.2550545596943914,-0.014357144830724033,-0.19362035497301855,1.0481036254299816
2021,0.044795974477762845,0.05229470675808834,-0.05198637035865683,-0.007498732280325493,-0.1703603590454228,0.2821233702302861
2022,-0.1091450799447401,-0.18712551752624207,-0.21632759307849914,0.07798043758150197,-0.284211736529452,-0.5267452313955838
2023,0.007677054036892894,-0.0168861410242912,-0.11378244947740246,0.024563195061184095,-0.1504777558335847,0.060830916610110405
