,factor_momentum,factor_volatility,factor_turnover,factor_size,factor_reversal_5d
factor_momentum,1.0,-0.23035193851512561,-0.10737164876931651,-0.00205755884143552,-0.44100039320323015
factor_volatility,-0.23035193851512561,1.0,0.5801795736895827,-0.032279184421150006,0.046612224956533325
factor_turnover,-0.10737164876931651,0.5801795736895827,1.0,0.01345320747870822,-0.0044664399868946355
factor_size,-0.00205755884143552,-0.032279184421150006,0.01345320747870822,1.0,0.007934864688785234
factor_reversal_5d,-0.44100039320323015,0.046612224956533325,-0.0044664399868946355,0.007934864688785234,1.0
