alpha_daily,alpha_annual,beta,r_squared
0.0002404229399200378,0.062451845412915485,0.05967922631686453,0.0034901073080096934
