industry,allocation_effect,selection_effect,interaction_effect
Financials,0.0005298678784973485,0.14235487054374793,0.003005323472400394
Industrials,0.010765121729796559,0.011367270951291513,-0.011367270951291513
Real Estate,-0.011138179630429389,-0.04374754875316792,0.012081144430672423
