effect,value,total_effect
allocation_effect,0.00015680997786451456,0.00015680997786451456
selection_effect,0.10997459274187152,0.10997459274187152
interaction_effect,0.0037191969517813023,0.0037191969517813023
