year,allocation_effect,selection_effect,interaction_effect
2020,-0.0036639618493745298,0.008016260152137938,-0.009808038173184472
2021,-0.00048029277591525685,0.017123737195649733,0.003467014404101917
2022,-0.006818200732377391,0.05985873786145342,0.016058878028529924
2023,0.011119265335531694,0.024975857532630426,-0.0059986573076660655
