market_effect_total_return,strategy_total_return,excess_return
-0.17367272275378698,0.16644576825101032,0.3401184910047973
