industry,avg_weight,max_weight,min_weight,observations
Financials,0.8204081632653062,1.0,0.7000000000000001,49
Real Estate,0.18333333333333335,0.3,0.1,48
