component,value
market_effect,-0.17367272275378698
allocation_effect,0.00015680997786451456
selection_effect,0.10997459274187152
interaction_effect,0.0037191969517813023
residual,0.22626789133327996
strategy_total_return,0.16644576825101032
